genre,rating
Board Games,4.264
Massively Multiplayer,4.248695652173913
RPG,4.233838383838384
Shooter,4.2268965517241375
Action,4.2197814207650275
Adventure,4.214966261808367
Puzzle,4.207089552238806
Sports,4.201714285714286
Platformer,4.2
Simulation,4.197866666666666
Casual,4.192901023890785
Indie,4.192651851851852
Arcade,4.190689655172414
Strategy,4.18595238095238
Educational,4.182
Card,4.180833333333333
Racing,4.1692682926829265
Family,4.127894736842106
Fighting,4.1258333333333335
