genre,rating
Fighting,4.86
Simulation,4.77
Casual,4.723333333333334
Indie,4.714545454545455
RPG,4.713333333333334
Adventure,4.67
Massively Multiplayer,4.67
Action,4.65090909090909
Shooter,4.622
Puzzle,4.59
