esrb,avg_rating,median_rating,game_count
Mature,3.7952097902097903,3.85,286
Everyone,3.7835714285714284,3.825,42
Everyone 10+,3.7157471264367814,3.83,87
Teen,3.6240119760479046,3.68,167
Adults Only,3.411904761904762,3.57,21
